-- MySQL Script generated by MySQL Workbench
-- Sun Jul  3 20:51:38 2016
-- Model: New Model    Version: 1.0
-- MySQL Workbench Forward Engineering

SET @OLD_UNIQUE_CHECKS=@@UNIQUE_CHECKS, UNIQUE_CHECKS=0;
SET @OLD_FOREIGN_KEY_CHECKS=@@FOREIGN_KEY_CHECKS, FOREIGN_KEY_CHECKS=0;
SET @OLD_SQL_MODE=@@SQL_MODE, SQL_MODE='TRADITIONAL,ALLOW_INVALID_DATES';

-- -----------------------------------------------------
-- Schema mobilizr
-- -----------------------------------------------------
DROP SCHEMA IF EXISTS `mobilizr` ;

-- -----------------------------------------------------
-- Schema mobilizr
-- -----------------------------------------------------
CREATE SCHEMA IF NOT EXISTS `mobilizr` DEFAULT CHARACTER SET utf8 ;
USE `mobilizr` ;

-- -----------------------------------------------------
-- Table `mobilizr`.`user`
-- -----------------------------------------------------
DROP TABLE IF EXISTS `mobilizr`.`user` ;

CREATE TABLE IF NOT EXISTS `mobilizr`.`user` (
  `id` INT NOT NULL AUTO_INCREMENT,
  `username` VARCHAR(45) NOT NULL,
  `password` VARCHAR(45) NOT NULL,
  `email` VARCHAR(45) NOT NULL,
  `name` VARCHAR(45) NULL,
  `surname` VARCHAR(45) NULL,
  `address` VARCHAR(45) NULL,
  `postal_code` CHAR(5) NULL,
  `city` VARCHAR(45) NULL,
  `mobile` CHAR(10) NULL,
  PRIMARY KEY (`id`))
ENGINE = InnoDB;


-- -----------------------------------------------------
-- Table `mobilizr`.`product`
-- -----------------------------------------------------
DROP TABLE IF EXISTS `mobilizr`.`product` ;

CREATE TABLE IF NOT EXISTS `mobilizr`.`product` (
  `id` INT NOT NULL AUTO_INCREMENT,
  `name` VARCHAR(255) NOT NULL,
  `image` VARCHAR(45) NULL,
  `description` TEXT NOT NULL,
  PRIMARY KEY (`id`),
  INDEX `ProductName` USING BTREE (`name` ASC))
ENGINE = InnoDB;


-- -----------------------------------------------------
-- Table `mobilizr`.`shop`
-- -----------------------------------------------------
DROP TABLE IF EXISTS `mobilizr`.`shop` ;

CREATE TABLE IF NOT EXISTS `mobilizr`.`shop` (
  `id` INT NOT NULL AUTO_INCREMENT,
  `brand` VARCHAR(45) NOT NULL,
  `lat` DECIMAL(10,8) NOT NULL,
  `lon` DECIMAL(11,8) NOT NULL,
  `address` VARCHAR(45) NOT NULL,
  `city` VARCHAR(45) NOT NULL,
  `postal_code` CHAR(5) NOT NULL,
  `phone` CHAR(10) NULL,
  `mobile_phone` CHAR(10) NULL,
  `trn` CHAR(9) NOT NULL DEFAULT '-1',
  `rating_count` INT NULL DEFAULT 0,
  `rating_sum` INT NULL DEFAULT 0,
  PRIMARY KEY (`id`))
ENGINE = InnoDB;


-- -----------------------------------------------------
-- Table `mobilizr`.`shop_has_product`
-- -----------------------------------------------------
DROP TABLE IF EXISTS `mobilizr`.`shop_has_product` ;

CREATE TABLE IF NOT EXISTS `mobilizr`.`shop_has_product` (
  `id` INT NOT NULL AUTO_INCREMENT,
  `shop_id` INT NOT NULL,
  `products_id` INT NOT NULL,
  `price` DECIMAL(10,0) NOT NULL,
  `quantity` INT NOT NULL DEFAULT 0,
  PRIMARY KEY (`id`, `shop_id`, `products_id`),
  INDEX `fk_shop_has_product_shop_idx` (`shop_id` ASC),
  INDEX `fk_shop_has_product_products1_idx` (`products_id` ASC),
  CONSTRAINT `fk_shop_has_product_shop`
    FOREIGN KEY (`shop_id`)
    REFERENCES `mobilizr`.`shop` (`id`)
    ON DELETE NO ACTION
    ON UPDATE NO ACTION,
  CONSTRAINT `fk_shop_has_product_products1`
    FOREIGN KEY (`products_id`)
    REFERENCES `mobilizr`.`product` (`id`)
    ON DELETE NO ACTION
    ON UPDATE NO ACTION)
ENGINE = InnoDB;


-- -----------------------------------------------------
-- Table `mobilizr`.`comment`
-- -----------------------------------------------------
DROP TABLE IF EXISTS `mobilizr`.`comment` ;

CREATE TABLE IF NOT EXISTS `mobilizr`.`comment` (
  `id` INT NOT NULL AUTO_INCREMENT,
  `user_id` INT NOT NULL,
  `comment` TEXT NOT NULL,
  `rating` INT NOT NULL,
  `datetime` DATE NOT NULL,
  `shop_id` INT NOT NULL,
  `realPrice` DECIMAL(10,0), 
  PRIMARY KEY (`id`, `user_id`, `shop_id`),
  INDEX `fk_comments_user1_idx` (`user_id` ASC),
  INDEX `fk_comment_shop1_idx` (`shop_id` ASC),
  CONSTRAINT `fk_comments_user1`
    FOREIGN KEY (`user_id`)
    REFERENCES `mobilizr`.`user` (`id`)
    ON DELETE NO ACTION
    ON UPDATE NO ACTION,
  CONSTRAINT `fk_comment_shop1`
    FOREIGN KEY (`shop_id`)
    REFERENCES `mobilizr`.`shop` (`id`)
    ON DELETE NO ACTION
    ON UPDATE NO ACTION)
ENGINE = InnoDB;

USE `mobilizr` ;

-- -----------------------------------------------------
-- Placeholder table for view `mobilizr`.`view1`
-- -----------------------------------------------------
CREATE TABLE IF NOT EXISTS `mobilizr`.`view1` (`id` INT);

-- -----------------------------------------------------
-- View `mobilizr`.`view1`
-- -----------------------------------------------------
DROP VIEW IF EXISTS `mobilizr`.`view1` ;
DROP TABLE IF EXISTS `mobilizr`.`view1`;
USE `mobilizr`;

SET SQL_MODE = '';
GRANT USAGE ON *.* TO mobiuser;
 DROP USER mobiuser;
SET SQL_MODE='TRADITIONAL,ALLOW_INVALID_DATES';
CREATE USER 'mobiuser' IDENTIFIED BY '12345';

GRANT ALL ON `mobilizr`.* TO 'mobiuser';

SET SQL_MODE=@OLD_SQL_MODE;
SET FOREIGN_KEY_CHECKS=@OLD_FOREIGN_KEY_CHECKS;
SET UNIQUE_CHECKS=@OLD_UNIQUE_CHECKS;

-- -----------------------------------------------------
-- Data for table `mobilizr`.`user`
-- -----------------------------------------------------
START TRANSACTION;
USE `mobilizr`;
INSERT INTO `mobilizr`.`user` (`id`, `username`, `password`, `email`, `name`, `surname`, `address`, `postal_code`, `city`, `mobile`) VALUES (1, 'anonymous', '123', 'anon@ymous.com', 'Anon', 'Ymous', '127.0.0.1', NULL, NULL, NULL);

COMMIT;


-- -----------------------------------------------------
-- Data for table `mobilizr`.`product`
-- -----------------------------------------------------
START TRANSACTION;
USE `mobilizr`;
INSERT INTO `mobilizr`.`product` (`id`, `name`, `image`, `description`) VALUES (1, 'Nexus 5 (2013)', 'nexus5_2013', 'CPU: 2.3GHz, RAM: 2GB, Battery: 2300mAh');
INSERT INTO `mobilizr`.`product` (`id`, `name`, `image`, `description`) VALUES (2, 'Nexus 5X (2015)', 'nexus5x_2015', 'CPU: 2.3GHz, RAM: 2GB, Battery: 2300mAh');
INSERT INTO `mobilizr`.`product` (`id`, `name`, `image`, `description`) VALUES (3, 'Nexus 6P (2015)', 'nexus6p_2015', 'CPU: 2.3GHz, RAM: 2GB, Battery: 2300mAh');
INSERT INTO `mobilizr`.`product` (`id`, `name`, `image`, `description`) VALUES (4, 'Nexus 6 (2014)', 'nexus6_2014', 'CPU: 2.3GHz, RAM: 2GB, Battery: 2300mAh');
INSERT INTO `mobilizr`.`product` (`id`, `name`, `image`, `description`) VALUES (5, 'Moto G 2nd Generation (2014)', 'moto_g_2nd_2014', 'CPU: 2.3GHz, RAM: 2GB, Battery: 2300mAh');

COMMIT;


-- -----------------------------------------------------
-- Data for table `mobilizr`.`shop`
-- -----------------------------------------------------
START TRANSACTION;
USE `mobilizr`;
INSERT INTO `mobilizr`.`shop` (`id`, `brand`, `lat`, `lon`, `address`, `city`, `postal_code`, `phone`, `mobile_phone`, `trn`, `rating_count`, `rating_sum`) VALUES (1, 'NearDITShop', 37.966995, 23.766046, 'Λεωφόρος Εθνικής Αντιστάσεως', 'Καισαριανή', '11111', '2101212345', NULL, DEFAULT, 0, 0);
INSERT INTO `mobilizr`.`shop` (`id`, `brand`, `lat`, `lon`, `address`, `city`, `postal_code`, `phone`, `mobile_phone`, `trn`, `rating_count`, `rating_sum`) VALUES (2, 'NearSyntagmaShop', 37.976103, 23.734041, 'Σταδίου ΧΧ', 'Κέντρο', '18546', '2104646464', NULL, DEFAULT, NULL, NULL);

COMMIT;


-- -----------------------------------------------------
-- Data for table `mobilizr`.`shop_has_product`
-- -----------------------------------------------------
START TRANSACTION;
USE `mobilizr`;
INSERT INTO `mobilizr`.`shop_has_product` (`id`, `shop_id`, `products_id`, `price`, `quantity`) VALUES (1, 1, 1, 300, 5);
INSERT INTO `mobilizr`.`shop_has_product` (`id`, `shop_id`, `products_id`, `price`, `quantity`) VALUES (2, 1, 2, 400, 20);
INSERT INTO `mobilizr`.`shop_has_product` (`id`, `shop_id`, `products_id`, `price`, `quantity`) VALUES (3, 1, 3, 600, 15);
INSERT INTO `mobilizr`.`shop_has_product` (`id`, `shop_id`, `products_id`, `price`, `quantity`) VALUES (4, 1, 4, 350, 2);
INSERT INTO `mobilizr`.`shop_has_product` (`id`, `shop_id`, `products_id`, `price`, `quantity`) VALUES (5, 2, 5, 250, 5);
INSERT INTO `mobilizr`.`shop_has_product` (`id`, `shop_id`, `products_id`, `price`, `quantity`) VALUES (6, 2, 1, 320, 15);
INSERT INTO `mobilizr`.`shop_has_product` (`id`, `shop_id`, `products_id`, `price`, `quantity`) VALUES (7, 2, 2, 390, 15);
INSERT INTO `mobilizr`.`shop_has_product` (`id`, `shop_id`, `products_id`, `price`, `quantity`) VALUES (8, 2, 3, 580, 10);
INSERT INTO `mobilizr`.`shop_has_product` (`id`, `shop_id`, `products_id`, `price`, `quantity`) VALUES (9, 2, 4, 320, 10);

COMMIT;


-- -----------------------------------------------------
-- Data for table `mobilizr`.`comment`
-- -----------------------------------------------------
START TRANSACTION;
USE `mobilizr`;
INSERT INTO `mobilizr`.`comment` (`id`, `user_id`, `comment`, `rating`, `datetime`, `shop_id`, `realPrice`) VALUES (1, 1, 'Awesome mobile! Its battery lasts for over 3 hours!', 5, 
'2016-04-20 20:57:45', 1, 250);

COMMIT;

